reading_date,readings,loaded_readings,unloaded_readings,idle_readings,low_pressure_loaded_readings,low_pressure_loaded_fraction,avg_panel_pressure_bar,avg_pressure_gap_bar,avg_oil_temperature_c
2020-02-01,7144,234,1888,5022,0,0.00000000000000000000,8.96831438969765,0.0029927211646136433,55.748117301231815
2020-02-02,7031,246,1988,4797,0,0.00000000000000000000,8.983974114635187,0.0028138244915374808,55.82008249182196
2020-02-03,8716,262,1976,6478,0,0.00000000000000000000,8.946111060119323,0.0022976135842129376,56.08839203763193
2020-02-04,8717,290,2192,6235,0,0.00000000000000000000,8.954528622232415,0.002242055753126073,55.033116324423546
2020-02-05,7437,268,2191,4978,0,0.00000000000000000000,8.987058222401505,0.0025792658329971876,57.02648917574292
2020-02-06,4939,149,1268,3522,0,0.00000000000000000000,8.973692650334076,0.003006681514476616,56.65519335897956
2020-02-07,7052,231,2052,4769,0,0.00000000000000000000,8.985737663074305,0.00345065229722064,58.95741633579127
2020-02-08,8689,305,2727,5657,0,0.00000000000000000000,8.981182414547128,0.0023827828288640876,58.62733628725977
2020-02-09,7279,208,1989,5082,0,0.00000000000000000000,8.947624673718916,0.003047396620414869,58.04590259651051
2020-02-10,7468,218,1851,5399,0,0.00000000000000000000,8.976053829673274,0.002295125870380287,55.81163966256027
2020-02-11,7431,233,2022,5176,0,0.00000000000000000000,9.009057192840803,0.0022274256493069753,56.10985399004172
2020-02-12,7353,207,2024,5122,0,0.00000000000000000000,8.931958384332928,0.0023835169318645517,59.175972392220864
2020-02-13,7528,218,2106,5204,0,0.00000000000000000000,8.972549415515411,0.0019856535600425063,58.98554729011691
2020-02-14,6932,203,1920,4809,0,0.00000000000000000000,8.973446047316791,0.002388632429313317,58.65757717830353
2020-02-15,8716,234,2024,6458,0,0.00000000000000000000,8.990851078476366,0.0019302432308398317,56.72777076640659
2020-02-16,8716,199,1821,6696,0,0.00000000000000000000,8.939748967416248,0.0034444699403396043,55.644527306103726
2020-02-17,7095,196,1575,5324,0,0.00000000000000000000,8.933345454545456,0.0025589852008456697,55.623851303735016
2020-02-18,8716,253,2061,6402,0,0.00000000000000000000,8.927296007342814,0.0021216154199173993,55.83244894446995
2020-02-19,7225,218,1413,5594,0,0.00000000000000000000,8.914502698961936,0.0024982698961937755,55.70541868512111
2020-02-20,7113,220,1755,5138,0,0.00000000000000000000,8.987132574159988,0.002757767468016326,55.67819133980038
2020-02-21,8716,285,1998,6433,0,0.00000000000000000000,8.92493207893529,0.0022487379531895245,54.99726652134007
2020-02-22,8716,301,2230,6185,0,0.00000000000000000000,8.930030977512619,0.0022581459385039057,55.90699288664525
2020-02-23,7105,240,1941,4924,0,0.00000000000000000000,8.977498099929628,0.0023628430682617967,56.57283251231527
2020-02-24,5893,164,1247,4482,0,0.00000000000000000000,8.942248430341083,0.0020607500424232165,53.92013829967758
2020-02-25,8716,299,2115,6302,0,0.00000000000000000000,8.998679669573198,0.0022186782927948634,54.4465064249656
2020-02-26,7244,227,1859,5158,0,0.00000000000000000000,8.963757868580892,0.002316399779127561,55.367055494202106
2020-02-27,8464,301,2359,5804,0,0.00000000000000000000,8.966793950850661,0.00208719281663516,55.26893608223064
2020-02-28,8699,313,2430,5956,0,0.00000000000000000000,8.961383607311186,0.0021338084837337645,55.020473617657196
2020-03-01,7263,285,3092,3886,0,0.00000000000000000000,9.134432603607328,0.0023929505713892094,63.99040685667078
2020-03-02,7570,384,4177,3009,0,0.00000000000000000000,9.12133077939234,0.0018393659180977308,66.22191215323645
2020-03-03,7252,405,4015,2832,0,0.00000000000000000000,9.136556811913959,0.002346938775510204,65.41427192498622
2020-03-04,8668,395,3925,4348,0,0.00000000000000000000,9.148374711582834,0.0023617904937701943,64.43239213197971
2020-03-05,8691,521,4369,3801,0,0.00000000000000000000,9.151936255896905,0.0025366471062018177,65.42561557933494
2020-03-06,7557,485,4453,2619,0,0.00000000000000000000,9.152373957919808,0.0020238189757840436,67.12614132592299
2020-03-07,3043,158,1280,1605,0,0.00000000000000000000,8.986012487676636,0.003280315478146564,60.7143526125534
2020-03-08,8716,365,3198,5153,0,0.00000000000000000000,9.128995410738874,0.0024008719596145074,61.987752409362116
2020-03-09,7502,485,3052,3965,0,0.00000000000000000000,9.133940015995734,0.0022426019728072465,63.01144694748068
2020-03-10,8076,505,4045,3526,0,0.00000000000000000000,9.130393759286775,0.0023952451708766725,61.712766220901436
2020-03-11,5226,249,2855,2122,0,0.00000000000000000000,9.003315729047076,0.002008036739380039,65.32776980482207
2020-03-12,8202,778,5145,2279,0,0.00000000000000000000,9.180667398195562,0.0022574981711777644,69.20149049012434
2020-03-13,8700,436,2738,5526,0,0.00000000000000000000,9.025582298850575,0.0015029885057471183,60.53789367816093
2020-03-14,6990,385,2477,4128,0,0.00000000000000000000,9.023702718168812,0.0016060085836909794,62.0149928469242
2020-03-15,3746,226,1233,2287,0,0.00000000000000000000,9.022383342231713,0.0016043780032034285,59.1493593166044
2020-03-16,7072,316,1743,5013,0,0.00000000000000000000,9.020182409502263,0.0014742647058823607,53.536775311085975
2020-03-17,8551,361,2065,6125,0,0.00000000000000000000,8.982213074494211,0.0013626476435504814,56.304139866682256
2020-03-18,8717,355,2077,6285,0,0.00000000000000000000,8.990295973385342,0.0013256854422393092,57.280288516691535
2020-03-19,7668,294,1864,5510,0,0.00000000000000000000,8.987276212832551,0.001350547730829413,57.456726004173184
2020-03-20,6359,276,1681,4402,0,0.00000000000000000000,8.985210882214185,0.0013225349897782598,55.99136263563452
2020-03-21,8255,423,2703,5129,0,0.00000000000000000000,9.019136038764385,0.0015212598425196713,60.7109903089037
2020-03-22,8717,442,2659,5616,0,0.00000000000000000000,9.025216932430885,0.0016308362968911216,61.42467305265574
2020-03-23,8716,392,2136,6188,0,0.00000000000000000000,9.004652363469482,0.0015814593850389978,58.21100849013311
2020-03-24,7684,344,2150,5190,0,0.00000000000000000000,9.000045549193132,0.001836022904737118,59.520451587714746
2020-03-25,8716,410,2425,5881,0,0.00000000000000000000,9.003066085360256,0.0015940798531436445,59.9087081229922
2020-03-26,8716,442,2661,5613,0,0.00000000000000000000,9.021737953189536,0.0016739329967875242,60.60268184947225
2020-03-27,8716,427,3859,4430,0,0.00000000000000000000,9.05335084901331,0.0021305644791188693,65.63529715465812
2020-03-28,3536,229,1786,1521,0,0.00000000000000000000,8.764588800904976,0.0015401583710407134,64.85208569004527
2020-03-29,7199,0,7199,0,0,,8.590845117377413,0.001602444783997789,77.24147798305322
2020-03-30,5907,336,2120,3451,0,0.00000000000000000000,9.033097680717793,0.0016979854410021974,61.28293550025394
2020-03-31,8717,572,3017,5128,0,0.00000000000000000000,9.054981989216474,0.0018561431685212818,61.76626706435701
2020-04-01,4816,280,1653,2883,0,0.00000000000000000000,9.03714368770764,0.0018081395348837188,62.10622923588043
2020-04-02,3853,200,1292,2361,0,0.00000000000000000000,9.063086426161433,0.0019174669089021467,61.47023098883989
2020-04-03,7275,348,2166,4761,0,0.00000000000000000000,9.024621580756014,0.0018070103092783592,61.14618900343644
2020-04-04,7794,340,2310,5144,0,0.00000000000000000000,9.008165768539905,0.001688478316653834,59.975311136771886
2020-04-05,8716,406,2799,5511,0,0.00000000000000000000,9.008243689765948,0.001357962368058743,61.434875516291875
2020-04-06,7045,462,3122,3461,0,0.00000000000000000000,9.012332718239886,0.0015994322214336637,63.3408481192335
2020-04-07,7989,404,2746,4839,0,0.00000000000000000000,9.010916009513084,0.0015441231693578631,62.040311678558034
2020-04-08,7155,351,1832,4972,0,0.00000000000000000000,9.002389098532495,0.0014498951781970716,58.51919636617751
2020-04-09,6962,327,1750,4885,0,0.00000000000000000000,8.99237374317725,0.0012683137029589186,55.441776788279235
2020-04-10,8716,459,2518,5739,0,0.00000000000000000000,9.00228246902249,0.0014336851766865572,57.82422269389629
2020-04-11,7229,397,2399,4433,0,0.00000000000000000000,9.014256743671323,0.0016071379167242924,59.31739175542953
2020-04-12,7125,293,5055,1777,0,0.00000000000000000000,9.258540912280703,0.001318175438596491,67.8341754385965
2020-04-13,3501,150,1167,2184,0,0.00000000000000000000,9.084786632390744,0.001510996858040614,55.273143387603525
2020-04-14,6329,249,1447,4633,0,0.00000000000000000000,8.990536261652712,0.0016527097487754729,53.92232185179334
2020-04-15,8433,387,2218,5828,0,0.00000000000000000000,9.020180007114904,0.0013750741136013306,56.54464603344007
2020-04-16,8027,385,2250,5392,0,0.00000000000000000000,9.012030646567835,0.0013638968481375323,57.308069639965126
2020-04-17,6301,84,512,5705,0,0.00000000000000000000,8.468161879066837,0.00038692271068084636,50.451531502936184
2020-04-18,8663,0,8572,91,0,,8.811944822809648,0.0016292277502020103,74.13068221170496
2020-04-19,8555,401,3294,4860,0,0.00000000000000000000,9.039107422559908,0.0020684979544126256,61.901861484512
2020-04-20,7477,91,6228,1158,0,0.00000000000000000000,9.570671927243573,0.00027872141233114926,63.335244750568386
2020-04-21,6802,282,2135,4385,0,0.00000000000000000000,9.082670391061455,0.0014719200235224935,58.09572552190533
2020-04-22,8256,375,2290,5591,0,0.00000000000000000000,9.050208333333334,0.0013626453488372174,56.33443859011627
2020-04-23,7369,336,1881,5152,0,0.00000000000000000000,9.05034360157416,0.0014742841633871668,56.67888451621659
2020-04-24,8423,358,2053,6012,0,0.00000000000000000000,9.03742846966639,0.0014856939332779343,56.42888222723495
2020-04-25,429,10,50,369,0,0.00000000000000000000,8.045627039627044,0.002083916083916086,53.54248251748253
2020-04-27,6778,368,1844,4566,0,0.00000000000000000000,9.050254352316315,0.001792859250516384,57.13538285629981
2020-04-28,6809,329,1789,4691,0,0.00000000000000000000,9.057187839624026,0.0015135849610809111,56.691441474519024
2020-04-29,8017,626,2281,5110,0,0.00000000000000000000,9.091846825495821,0.0015469627042534546,58.072617562679326
2020-04-30,3890,184,1003,2703,0,0.00000000000000000000,8.99606118251928,0.0015203084832904818,56.301433161953746
2020-05-01,962,36,377,549,0,0.00000000000000000000,8.651544698544699,0.0015467775467775764,55.05506756756757
2020-05-02,8441,362,3436,4643,0,0.00000000000000000000,9.080775737471862,0.0023757848596137952,61.6761787702879
2020-05-03,8716,280,2791,5645,0,0.00000000000000000000,9.063989674162459,0.0019176227627351954,60.8180300596604
2020-05-04,7427,274,2007,5146,0,0.00000000000000000000,9.039248687222297,0.0014366500605897399,57.83903325703514
2020-05-05,7382,284,1904,5194,0,0.00000000000000000000,9.035292603630454,0.0016794906529395827,57.195878488214596
2020-05-06,7942,322,2057,5563,0,0.00000000000000000000,9.034505414253337,0.0017401158398388271,58.048895114580716
2020-05-07,8024,210,2162,5652,0,0.00000000000000000000,9.034413758723826,0.001735044865403774,58.28611041874376
2020-05-08,8118,266,2178,5674,0,0.00000000000000000000,9.019272480906627,0.0015838876570583931,57.62975486573049
2020-05-09,7657,319,2306,5032,0,0.00000000000000000000,9.021586522136607,0.0013927125506072921,58.023987854251025
2020-05-10,329,32,167,130,0,0.00000000000000000000,8.306838905775072,0.0019209726443768995,54.57492401215806
2020-05-11,7260,210,1811,5239,0,0.00000000000000000000,9.022343250688705,0.0014953168044077169,54.73900826446282
2020-05-12,8518,262,2072,6184,0,0.00000000000000000000,9.046270955623386,0.001647569852077949,55.49435606949988
2020-05-13,8716,142,4974,3600,0,0.00000000000000000000,8.403719137218907,0.00162115649380449,60.65395823772373
2020-05-14,6342,145,1991,4206,0,0.00000000000000000000,8.946580573951433,0.0015376852727846176,55.76615815200254
2020-05-15,8363,232,2326,5805,0,0.00000000000000000000,9.027721630993662,0.0016819323209374558,56.71853700825063
2020-05-16,8615,234,2713,5668,0,0.00000000000000000000,9.019833546140454,0.0022727800348229764,60.681996517701684
2020-05-17,2847,265,1805,777,0,0.00000000000000000000,8.948522655426766,0.0028998946259220144,64.66613979627681
2020-05-18,8435,623,5077,2735,0,0.00000000000000000000,9.04854914048607,0.001973918197984593,65.83237700059281
2020-05-19,7410,487,4347,2576,0,0.00000000000000000000,8.866305263157894,0.0022094466936572322,66.43562753036439
2020-05-20,7462,29,7361,72,0,0.00000000000000000000,7.909845885821495,0.002116054677030281,73.50299852586441
2020-05-21,6516,514,3750,2252,0,0.00000000000000000000,9.048618784530388,0.0018980969920196406,65.52253683241251
2020-05-22,7233,516,4154,2563,0,0.00000000000000000000,9.04898022950366,0.001839347435365676,66.80300705101618
2020-05-23,8458,600,4817,3041,0,0.00000000000000000000,9.050646488531566,0.002390399621659957,67.6321175218728
2020-05-24,210,19,101,90,0,0.00000000000000000000,9.026028571428576,0.001580952380952393,66.01011904761903
2020-05-25,6902,474,3675,2753,0,0.00000000000000000000,9.01645928716314,0.001966386554621842,66.57452912199365
2020-05-26,5606,93,706,4807,0,0.00000000000000000000,8.333297538351745,0.0019443453442745157,64.70833481983591
2020-05-27,7096,0,0,7096,0,,8.167999999999974,0.002000000000000668,64.60000000000005
2020-05-28,8436,402,3680,4354,0,0.00000000000000000000,8.934579184447603,0.002011142721669111,67.35461415362732
2020-05-29,7466,347,3336,3783,0,0.00000000000000000000,9.002261451915349,0.0016881864452183244,66.38628783819986
2020-05-30,8617,301,4757,3559,0,0.00000000000000000000,8.85747267030289,0.002207032609957057,67.83068353255193
2020-05-31,7294,345,2742,4207,0,0.00000000000000000000,9.039086372360844,0.0016117356731560123,63.926487523992336
2020-06-01,8523,444,3592,4487,0,0.00000000000000000000,9.048499354687316,0.0016986976416754663,65.35020532676288
2020-06-02,5131,208,1709,3214,0,0.00000000000000000000,8.868470863379455,0.0014885987137010308,63.276539660884836
2020-06-03,7976,352,3189,4435,0,0.00000000000000000000,9.008938565697093,0.0014087261785355983,65.00063001504515
2020-06-04,8716,377,3100,5239,0,0.00000000000000000000,9.021033272143185,0.0015339605323542922,63.88279887563103
2020-06-05,8716,184,6405,2127,0,0.00000000000000000000,8.470771454795779,0.0018155117026158857,70.56673072510328
2020-06-06,7343,0,7343,0,0,,8.05699005855917,0.00206809206046575,75.40196445594444
2020-06-07,4888,0,4888,0,0,,7.89340589198036,0.002200081833060577,75.46356382978728
2020-06-08,4232,221,2159,1852,0,0.00000000000000000000,8.756119565217393,0.002283081285444231,65.3991434310019
2020-06-09,7286,436,3077,3773,0,0.00000000000000000000,9.068926159758444,0.0017598133406533164,64.7544846280538
2020-06-10,7919,453,3286,4180,0,0.00000000000000000000,9.055419876247003,0.0016820305594140597,64.00134802374039
2020-06-11,8398,469,3501,4428,0,0.00000000000000000000,9.060595379852344,0.0015675160752560194,63.6846540843058
2020-06-12,7245,174,1322,5749,0,0.00000000000000000000,8.579906970324394,0.000617253278122839,59.071897860593374
2020-06-13,8717,514,3953,4250,0,0.00000000000000000000,9.065356429964432,0.001571412183090523,65.08578639440175
2020-06-14,8684,535,3883,4266,0,0.00000000000000000000,9.076701980654075,0.001611008751727318,64.67733187471214
2020-06-15,8359,486,3539,4334,0,0.00000000000000000000,9.059247278382582,0.001574111735853566,64.43555449216413
2020-06-16,8235,480,3689,4066,0,0.00000000000000000000,9.051211171827566,0.001621857923497284,64.70576199149967
2020-06-17,5240,333,2569,2338,0,0.00000000000000000000,9.033468702290081,0.002288167938931289,65.75522900763359
2020-06-18,6912,514,4548,1850,0,0.00000000000000000000,9.052038773148146,0.0024010416666666746,68.23326099537037
2020-06-19,8656,562,4732,3362,0,0.00000000000000000000,9.052033964879854,0.0016203789279112643,66.97050311922366
2020-06-20,8506,522,4238,3746,0,0.00000000000000000000,9.083844815424404,0.0017420644251116822,66.71045144603812
2020-06-21,7422,397,3204,3821,0,0.00000000000000000000,9.05299757477769,0.0016073834545944374,65.66625235785503
2020-06-22,7274,233,4621,2420,0,0.00000000000000000000,8.849371734946386,0.001227935111355508,65.7264641187792
2020-06-23,7159,0,7159,0,0,,8.506000000000006,0,65.14999999999998
2020-06-24,7162,0,7162,0,0,,8.506000000000002,0,65.14999999999998
2020-06-25,8272,349,4394,3529,0,0.00000000000000000000,8.92540643133462,0.0013070599613152867,65.22406310444873
2020-06-26,8678,451,3402,4825,0,0.00000000000000000000,9.021821387416452,0.0016579857109933224,64.70619382346162
2020-06-27,3183,178,1301,1704,0,0.00000000000000000000,9.037524976437323,0.0013132265158655484,64.62445805843542
2020-06-28,317,22,180,115,0,0.00000000000000000000,8.434845425867511,0.0020820189274447756,60.26671924290224
2020-06-29,8677,467,3602,4608,0,0.00000000000000000000,9.077619223233837,0.0017374668664284704,65.79071395643656
2020-06-30,8688,472,3355,4861,0,0.00000000000000000000,9.0744788213628,0.0015999079189686891,65.05960232504603
2020-07-01,8715,462,3375,4878,0,0.00000000000000000000,9.048313482501435,0.002543201376936318,65.48320711417098
2020-07-02,8717,558,4005,4154,0,0.00000000000000000000,9.053518641734541,0.0016225765745095768,66.31696971435127
2020-07-03,8093,441,3504,4148,0,0.00000000000000000000,9.05646731743482,0.0017617694303719287,65.88522797479305
2020-07-04,8693,454,3504,4735,0,0.00000000000000000000,9.046034050385368,0.0016604164270102493,65.81168181295297
2020-07-05,8716,412,3670,4634,0,0.00000000000000000000,9.045000229463058,0.0025071133547498806,67.97762735199635
2020-07-06,5906,374,3059,2473,0,0.00000000000000000000,9.021790721300372,0.0019654588554012774,67.83520149001014
2020-07-07,4001,234,2057,1710,0,0.00000000000000000000,8.993158210447387,0.0021904523869032766,68.05566108472883
2020-07-08,3107,247,2058,802,0,0.00000000000000000000,8.693611200514965,0.0023990988091406513,70.17128258770518
2020-07-09,7518,495,3807,3216,0,0.00000000000000000000,9.039632615057197,0.0019710029263101886,67.14447658951849
2020-07-10,7157,496,3899,2762,0,0.00000000000000000000,9.039977644264354,0.0019306972195053784,68.17493712449351
2020-07-11,5253,310,2747,2196,0,0.00000000000000000000,9.04358004949553,0.002223491338282885,68.38104892442415
2020-07-12,5609,351,2975,2283,0,0.00000000000000000000,9.043546086646462,0.002040292387234805,68.31235068639688
2020-07-13,7434,414,3864,3156,0,0.00000000000000000000,9.058524885660479,0.0023669626042507348,68.85857546408394
2020-07-14,3563,196,1433,1934,0,0.00000000000000000000,8.78530115071569,0.0016182991860791457,64.38723687903452
2020-07-15,8661,950,7206,505,0,0.00000000000000000000,8.935455259207941,0.002201362429280696,74.96017492206447
2020-07-16,8642,483,4703,3456,0,0.00000000000000000000,9.051650080999769,0.0020006942837306105,69.08399676000926
2020-07-17,7279,334,4028,2917,0,0.00000000000000000000,8.852678664651739,0.0026599807665888143,70.34247492787472
2020-07-18,8697,385,3676,4636,0,0.00000000000000000000,9.018937564677472,0.001756007818788078,66.80459066344719
2020-07-19,8677,459,3644,4574,0,0.00000000000000000000,9.029248127232915,0.0017459951596173907,65.35555203411317
2020-07-20,8688,381,3333,4974,0,0.00000000000000000000,9.019863259668508,0.0023116942909760614,65.64436579189687
2020-07-21,8163,276,2370,5517,0,0.00000000000000000000,8.85561166237904,0.0018855812813913023,65.93036873698394
2020-07-22,8305,313,4523,3469,0,0.00000000000000000000,9.26107116195062,0.0022437086092714077,67.63695364238413
2020-07-23,7245,394,3132,3719,0,0.00000000000000000000,9.015807591442377,0.0017192546583850925,65.9866977225673
2020-07-24,6899,369,2873,3657,0,0.00000000000000000000,9.013692709088275,0.0018069285403681805,65.09202058269314
2020-07-25,6119,334,2493,3292,0,0.00000000000000000000,9.040137277332896,0.0018136950482104865,65.09218009478674
2020-07-26,6448,351,2624,3473,0,0.00000000000000000000,9.020776985111663,0.001777915632754351,65.32577931141442
2020-07-27,7349,414,3238,3697,0,0.00000000000000000000,9.042779697918084,0.0018318138522247993,65.31481834263168
2020-07-28,6785,378,3003,3404,0,0.00000000000000000000,9.048592188651435,0.0019050847457627077,65.83570744288872
2020-07-29,7802,428,3279,4095,0,0.00000000000000000000,9.04729582158421,0.0018684952576262658,65.52104268136377
2020-07-30,7278,434,3276,3568,0,0.00000000000000000000,9.034781533388294,0.0018408903544929935,65.554262846936
2020-07-31,7119,438,2981,3700,0,0.00000000000000000000,8.927119258322797,0.0019019525214215487,65.14254459896053
2020-08-01,8684,479,3332,4873,0,0.00000000000000000000,9.035149700598803,0.0017687701520036753,64.935654652234
2020-08-02,7473,412,3007,4054,0,0.00000000000000000000,9.011375351264553,0.0018854543021544117,64.94243610330524
2020-08-03,3947,213,1494,2240,0,0.00000000000000000000,8.885215100076007,0.0022143400050671533,63.45133012414493
2020-08-04,2800,163,1093,1544,0,0.00000000000000000000,9.040635,0.002369999999999978,64.70225000000002
2020-08-05,5672,293,2212,3167,0,0.00000000000000000000,9.013410437235544,0.0021544428772919655,65.53278825811002
2020-08-06,8653,453,3308,4892,0,0.00000000000000000000,9.050137293424246,0.002043222003929272,65.8009534265573
2020-08-07,8708,470,3350,4888,0,0.00000000000000000000,9.04050505282499,0.0016846577859439714,65.39009244372993
2020-08-08,7909,412,3108,4389,0,0.00000000000000000000,9.01252041977494,0.0016753066127196841,64.64116196737895
2020-08-09,7688,464,3114,4110,0,0.00000000000000000000,9.038831425598335,0.001649063475546315,64.62964034859523
2020-08-10,8716,502,3577,4637,0,0.00000000000000000000,9.024279027076638,0.0016048646167966902,64.88288205598899
2020-08-11,7122,390,2958,3774,0,0.00000000000000000000,9.032461948890761,0.0016116259477674838,65.06337405223252
2020-08-12,8512,499,3605,4408,0,0.00000000000000000000,9.026683740601506,0.0017427161654135315,65.23655721334588
2020-08-13,8676,533,3899,4244,0,0.00000000000000000000,9.015730520977412,0.0017683264177040152,65.7971040802213
2020-08-14,7200,423,3136,3641,0,0.00000000000000000000,9.021173611111111,0.0017288888888888853,65.52661805555555
2020-08-15,6868,387,2872,3609,0,0.00000000000000000000,9.051436808386722,0.0016761793826441352,64.54298558532325
2020-08-16,6209,357,2623,3229,0,0.00000000000000000000,9.037053631824772,0.0018334675471090279,65.00249637622807
2020-08-17,8116,481,3583,4052,0,0.00000000000000000000,9.012909314933465,0.001532774765894513,64.5767896747166
2020-08-18,8207,468,3308,4431,0,0.00000000000000000000,9.039973193615205,0.0019493115632996099,64.73137260874864
2020-08-19,7392,544,3804,3044,0,0.00000000000000000000,9.072411255411255,0.0017004870129870282,66.38816287878787
2020-08-20,5742,366,2552,2824,0,0.00000000000000000000,9.07357819575061,0.0018864507140369253,65.23720393591083
2020-08-21,7380,527,3289,3564,0,0.00000000000000000000,9.055229539295391,0.001954471544715456,64.87595189701896
2020-08-22,6780,486,2955,3339,0,0.00000000000000000000,9.053607669616518,0.0020964601769911466,65.49713495575222
2020-08-23,1871,207,1338,326,0,0.00000000000000000000,9.088427578834848,0.0017616247995724142,68.0940807055051
2020-08-24,8659,603,4290,3766,0,0.00000000000000000000,9.096664279939947,0.0018995265042152777,66.5301824691073
2020-08-25,6660,414,3052,3194,0,0.00000000000000000000,9.099369669669667,0.0017897897897897793,65.4814301801802
2020-08-26,7936,453,3282,4201,0,0.00000000000000000000,9.067558719758063,0.0018145161290322581,64.26608177923387
2020-08-27,7334,453,3174,3707,0,0.00000000000000000000,9.050647941096262,0.001860103626943004,65.17303654213254
2020-08-28,8190,543,3800,3847,0,0.00000000000000000000,9.079442002442002,0.0017636141636141515,64.79657203907205
2020-08-29,7131,461,3561,3109,0,0.00000000000000000000,9.089114570186512,0.0017237414107418383,65.50236292245125
2020-08-30,7354,477,3490,3387,0,0.00000000000000000000,9.057602393255372,0.001812890943704118,65.26926502583629
2020-08-31,6845,390,3026,3429,0,0.00000000000000000000,9.073126661796932,0.0018804967129291456,65.1785573411249
2020-09-01,530,33,194,303,0,0.00000000000000000000,9.08450566037736,0.0013320754716981324,58.33169811320755
